{
  "version": "1.0.0",
  "name": "@waza Design Tokens",
  "variables": {
    "colors": {
      "body": {
        "r": 0.9686274509803922,
        "g": 0.9529411764705882,
        "b": 0.9294117647058824,
        "a": 1
      },
      "section": {
        "r": 1,
        "g": 0.9921568627450981,
        "b": 0.9725490196078431,
        "a": 1
      },
      "primary": {
        "r": 0.4235294117647059,
        "g": 0.47843137254901963,
        "b": 0.3333333333333333,
        "a": 1
      },
      "accent": {
        "r": 0.788235294117647,
        "g": 0.6196078431372549,
        "b": 0.38823529411764707,
        "a": 1
      },
      "text": {
        "r": 0.24313725490196078,
        "g": 0.22745098039215686,
        "b": 0.20392156862745098,
        "a": 1
      },
      "muted": {
        "r": 0.43529411764705883,
        "g": 0.403921568627451,
        "b": 0.3686274509803922,
        "a": 1
      },
      "light": {
        "r": 0.6039215686274509,
        "g": 0.5764705882352941,
        "b": 0.5333333333333333,
        "a": 1
      }
    },
    "spacing": {
      "xs": {
        "value": 8,
        "unit": "px"
      },
      "sm": {
        "value": 16,
        "unit": "px"
      },
      "md": {
        "value": 32,
        "unit": "px"
      },
      "lg": {
        "value": 64,
        "unit": "px"
      },
      "xl": {
        "value": 96,
        "unit": "px"
      }
    },
    "typography": {
      "heading": {
        "fontFamily": "Noto Serif JP, serif"
      },
      "body": {
        "fontFamily": "Noto Sans JP, sans-serif"
      }
    },
    "effects": {
      "soft": {
        "type": "dropShadow",
        "value": "0 4px 16px rgba(62, 58, 52, 0.08)"
      }
    }
  }
}